Year,SOC_Code,Occupation,Skill_Category,Average_Monthly_Adverts,YoY_Demand_Growth_Pct,Median_Annual_Salary,Salary_Growth_Pct,Observed_Months,Data_Quality
2023,2134,Programmers and software development professionals,Software Development,16183.8,,49444,,12,Complete
2024,2134,Programmers and software development professionals,Software Development,8247.4,-49.04,53363,7.93,12,Complete
2025,2134,Programmers and software development professionals,Software Development,9484.7,15.0,55587,4.17,12,Complete
2023,2135,Cyber security professionals,Cybersecurity,2457.8,,45573,,12,Complete
2024,2135,Cyber security professionals,Cybersecurity,1428.6,-41.87,48555,6.54,12,Complete
2025,2135,Cyber security professionals,Cybersecurity,1846.0,29.22,54816,12.89,10,Incomplete - 10 months
2023,3544,Data analysts,Data Analytics,2466.6,,33695,,12,Complete
2024,3544,Data analysts,Data Analytics,1459.7,-40.82,34125,1.28,12,Complete
2025,3544,Data analysts,Data Analytics,1656.4,13.48,38107,11.67,12,Complete
