SOC_Code,Occupation,Month,Median_Salary
2134.0,Programmers and software development professionals,2023-01-01,52500
2135.0,Cyber security professionals,2023-01-01,55000
2433.0,"Actuaries, economists and statisticians",2023-01-01,55000
3133.0,Database administrators and web content technicians,2023-01-01,30000
3544.0,Data analysts,2023-01-01,39000
2134.0,Programmers and software development professionals,2023-02-01,55000
2135.0,Cyber security professionals,2023-02-01,55000
2433.0,"Actuaries, economists and statisticians",2023-02-01,52500
3133.0,Database administrators and web content technicians,2023-02-01,30200
3544.0,Data analysts,2023-02-01,39100
2134.0,Programmers and software development professionals,2023-03-01,55000
2135.0,Cyber security professionals,2023-03-01,55000
2433.0,"Actuaries, economists and statisticians",2023-03-01,52500
3133.0,Database administrators and web content technicians,2023-03-01,31100
3544.0,Data analysts,2023-03-01,40000
2134.0,Programmers and software development professionals,2023-04-01,55000
2135.0,Cyber security professionals,2023-04-01,55100
2433.0,"Actuaries, economists and statisticians",2023-04-01,52500
3133.0,Database administrators and web content technicians,2023-04-01,31000
3544.0,Data analysts,2023-04-01,40000
2134.0,Programmers and software development professionals,2023-05-01,55000
2135.0,Cyber security professionals,2023-05-01,56800
2433.0,"Actuaries, economists and statisticians",2023-05-01,54100
3133.0,Database administrators and web content technicians,2023-05-01,31200
3544.0,Data analysts,2023-05-01,40000
2134.0,Programmers and software development professionals,2023-06-01,55000
2135.0,Cyber security professionals,2023-06-01,57500
2433.0,"Actuaries, economists and statisticians",2023-06-01,55000
3133.0,Database administrators and web content technicians,2023-06-01,32000
3544.0,Data analysts,2023-06-01,39600
2134.0,Programmers and software development professionals,2023-07-01,55000
2135.0,Cyber security professionals,2023-07-01,57500
2433.0,"Actuaries, economists and statisticians",2023-07-01,56000
3133.0,Database administrators and web content technicians,2023-07-01,33000
3544.0,Data analysts,2023-07-01,40000
2134.0,Programmers and software development professionals,2023-08-01,51600
2135.0,Cyber security professionals,2023-08-01,55000
2433.0,"Actuaries, economists and statisticians",2023-08-01,53300
3133.0,Database administrators and web content technicians,2023-08-01,32500
3544.0,Data analysts,2023-08-01,40000
2134.0,Programmers and software development professionals,2023-09-01,52500
2135.0,Cyber security professionals,2023-09-01,55000
2433.0,"Actuaries, economists and statisticians",2023-09-01,55000
3133.0,Database administrators and web content technicians,2023-09-01,32500
3544.0,Data analysts,2023-09-01,40000
2134.0,Programmers and software development professionals,2023-10-01,52500
2135.0,Cyber security professionals,2023-10-01,55000
2433.0,"Actuaries, economists and statisticians",2023-10-01,54700
3133.0,Database administrators and web content technicians,2023-10-01,34000
3544.0,Data analysts,2023-10-01,40000
2134.0,Programmers and software development professionals,2023-11-01,52500
2135.0,Cyber security professionals,2023-11-01,55000
2433.0,"Actuaries, economists and statisticians",2023-11-01,55000
3133.0,Database administrators and web content technicians,2023-11-01,34000
3544.0,Data analysts,2023-11-01,40000
2134.0,Programmers and software development professionals,2023-12-01,52500
2135.0,Cyber security professionals,2023-12-01,55000
2433.0,"Actuaries, economists and statisticians",2023-12-01,57500
3133.0,Database administrators and web content technicians,2023-12-01,32500
3544.0,Data analysts,2023-12-01,40000
2134.0,Programmers and software development professionals,2024-01-01,52500
2135.0,Cyber security professionals,2024-01-01,55000
2433.0,"Actuaries, economists and statisticians",2024-01-01,57300
3133.0,Database administrators and web content technicians,2024-01-01,31500
3544.0,Data analysts,2024-01-01,40000
2134.0,Programmers and software development professionals,2024-02-01,50000
2135.0,Cyber security professionals,2024-02-01,55000
2433.0,"Actuaries, economists and statisticians",2024-02-01,55000
3133.0,Database administrators and web content technicians,2024-02-01,31500
3544.0,Data analysts,2024-02-01,40000
2134.0,Programmers and software development professionals,2024-03-01,50000
2135.0,Cyber security professionals,2024-03-01,55000
2433.0,"Actuaries, economists and statisticians",2024-03-01,55400
3133.0,Database administrators and web content technicians,2024-03-01,31500
3544.0,Data analysts,2024-03-01,40000
2134.0,Programmers and software development professionals,2024-04-01,50000
2135.0,Cyber security professionals,2024-04-01,55000
2433.0,"Actuaries, economists and statisticians",2024-04-01,56200
3133.0,Database administrators and web content technicians,2024-04-01,31200
3544.0,Data analysts,2024-04-01,40000
2134.0,Programmers and software development professionals,2024-05-01,50000
2135.0,Cyber security professionals,2024-05-01,55000
2433.0,"Actuaries, economists and statisticians",2024-05-01,54800
3133.0,Database administrators and web content technicians,2024-05-01,31000
3544.0,Data analysts,2024-05-01,40000
2134.0,Programmers and software development professionals,2024-06-01,50000
2135.0,Cyber security professionals,2024-06-01,54000
2433.0,"Actuaries, economists and statisticians",2024-06-01,54200
3133.0,Database administrators and web content technicians,2024-06-01,31200
3544.0,Data analysts,2024-06-01,40000
2134.0,Programmers and software development professionals,2024-07-01,52500
2135.0,Cyber security professionals,2024-07-01,52500
2433.0,"Actuaries, economists and statisticians",2024-07-01,54200
3133.0,Database administrators and web content technicians,2024-07-01,31200
3544.0,Data analysts,2024-07-01,40000
2134.0,Programmers and software development professionals,2024-08-01,52600
2135.0,Cyber security professionals,2024-08-01,55000
2433.0,"Actuaries, economists and statisticians",2024-08-01,55000
3133.0,Database administrators and web content technicians,2024-08-01,31200
3544.0,Data analysts,2024-08-01,40000
2134.0,Programmers and software development professionals,2024-09-01,52500
2135.0,Cyber security professionals,2024-09-01,55000
2433.0,"Actuaries, economists and statisticians",2024-09-01,54200
3133.0,Database administrators and web content technicians,2024-09-01,31000
3544.0,Data analysts,2024-09-01,40000
2134.0,Programmers and software development professionals,2024-10-01,52500
2135.0,Cyber security professionals,2024-10-01,55000
2433.0,"Actuaries, economists and statisticians",2024-10-01,52000
3133.0,Database administrators and web content technicians,2024-10-01,31000
3544.0,Data analysts,2024-10-01,40000
2134.0,Programmers and software development professionals,2024-11-01,52500
2135.0,Cyber security professionals,2024-11-01,56000
2433.0,"Actuaries, economists and statisticians",2024-11-01,53400
3133.0,Database administrators and web content technicians,2024-11-01,31500
3544.0,Data analysts,2024-11-01,40000
2134.0,Programmers and software development professionals,2024-12-01,52500
2135.0,Cyber security professionals,2024-12-01,56200
2433.0,"Actuaries, economists and statisticians",2024-12-01,55000
3133.0,Database administrators and web content technicians,2024-12-01,32500
3544.0,Data analysts,2024-12-01,40000
2134.0,Programmers and software development professionals,2025-01-01,52500
2135.0,Cyber security professionals,2025-01-01,55000
2433.0,"Actuaries, economists and statisticians",2025-01-01,55000
3133.0,Database administrators and web content technicians,2025-01-01,32000
3544.0,Data analysts,2025-01-01,40000
2134.0,Programmers and software development professionals,2025-02-01,54000
2135.0,Cyber security professionals,2025-02-01,57500
2433.0,"Actuaries, economists and statisticians",2025-02-01,54900
3133.0,Database administrators and web content technicians,2025-02-01,32000
3544.0,Data analysts,2025-02-01,40000
2134.0,Programmers and software development professionals,2025-03-01,55000
2135.0,Cyber security professionals,2025-03-01,58100
2433.0,"Actuaries, economists and statisticians",2025-03-01,55000
3133.0,Database administrators and web content technicians,2025-03-01,32000
3544.0,Data analysts,2025-03-01,40000
2134.0,Programmers and software development professionals,2025-04-01,55000
2135.0,Cyber security professionals,2025-04-01,58000
2433.0,"Actuaries, economists and statisticians",2025-04-01,55000
3133.0,Database administrators and web content technicians,2025-04-01,31500
3544.0,Data analysts,2025-04-01,40000
2134.0,Programmers and software development professionals,2025-05-01,55000
2135.0,Cyber security professionals,2025-05-01,60000
2433.0,"Actuaries, economists and statisticians",2025-05-01,57500
3133.0,Database administrators and web content technicians,2025-05-01,32000
3544.0,Data analysts,2025-05-01,40000
